1	"2025-Aug-17"	109	"Today (2025-Aug-17) is Metageitniá¹“n 24, á¼‘Î²Î´ÏŒÎ¼á¿ƒ Ï†Î¸Î¯Î½Î¿Î½Ï„Î¿Ï‚ ÎœÎµÏ„Î±Î³ÎµÎ¹Ï„Î½Î¹á¿¶Î½Î¿Ï‚, day 53 of 384 in the year 2025/2026."
2	"2025-Aug-18"	107	"Today (2025-Aug-18) is Metageitniá¹“n 25, á¼•ÎºÏ„á¿ƒ Ï†Î¸Î¯Î½Î¿Î½Ï„Î¿Ï‚ ÎœÎµÏ„Î±Î³ÎµÎ¹Ï„Î½Î¹á¿¶Î½Î¿Ï‚, day 54 of 384 in the year 2025/2026."
3	"2025-Aug-19"	109	"Today (2025-Aug-19) is Metageitniá¹“n 26, Ï€Î­Î¼Ï€Ï„á¿ƒ Ï†Î¸Î¯Î½Î¿Î½Ï„Î¿Ï‚ ÎœÎµÏ„Î±Î³ÎµÎ¹Ï„Î½Î¹á¿¶Î½Î¿Ï‚, day 55 of 384 in the year 2025/2026."
4	"2025-Aug-20"	110	"Today (2025-Aug-20) is Metageitniá¹“n 27, Ï„ÎµÏ„ÏÎ¬Î´Î¹ Ï†Î¸Î¯Î½Î¿Î½Ï„Î¿Ï‚ ÎœÎµÏ„Î±Î³ÎµÎ¹Ï„Î½Î¹á¿¶Î½Î¿Ï‚, day 56 of 384 in the year 2025/2026."
5	"2025-Aug-21"	108	"Today (2025-Aug-21) is Metageitniá¹“n 28, Ï„ÏÎ¯Ï„á¿ƒ Ï†Î¸Î¯Î½Î¿Î½Ï„Î¿Ï‚ ÎœÎµÏ„Î±Î³ÎµÎ¹Ï„Î½Î¹á¿¶Î½Î¿Ï‚, day 57 of 384 in the year 2025/2026."
6	"2025-Aug-22"	110	"Today (2025-Aug-22) is Metageitniá¹“n 29, Î´ÎµÏ…Ï„Î­Ïá¾³ Ï†Î¸Î¯Î½Î¿Î½Ï„Î¿Ï‚ ÎœÎµÏ„Î±Î³ÎµÎ¹Ï„Î½Î¹á¿¶Î½Î¿Ï‚, day 58 of 384 in the year 2025/2026."
7	"2025-Aug-23"	104	"Today (2025-Aug-23) is Metageitniá¹“n 30, á¼•Î½á¿ƒ ÎºÎ±á½¶ Î½Î­á¾³ ÎœÎµÏ„Î±Î³ÎµÎ¹Ï„Î½Î¹á¿¶Î½Î¿Ï‚, day 59 of 384 in the year 2025/2026."
8	"2025-Aug-24"	96	"Today (2025-Aug-24) is BoÄ“dromiá¹“n 1, Î½Î¿Ï…Î¼Î·Î½Î¯á¾³ Î’Î¿Î·Î´ÏÎ¿Î¼Î¹á¿¶Î½Î¿Ï‚, day 60 of 384 in the year 2025/2026."
9	"2025-Aug-24"	145	"This BoÄ“dromiá¹“n will have 29 days, which the ancient Greeks called a â€œhollow monthâ€ (ÎºÎ¿á¿–Î»Î¿Ï‚ Î¼Î®Î½) as opposed to a â€œfull monthâ€ (Ï€Î»Î®ÏÎ·Ï‚ Î¼Î®Î½) of 30."
10	"2025-Aug-24"	135	"Festivals in BoÄ“dromiá¹“n:\n\n5: Genesia (Î“ÎµÎ½Î­ÏƒÎ¹Î±)\n6: Marathon (ÎœÎ±ÏÎ±Î¸ÏÎ½)\n7: Boedromia (Î’Î¿Î·Î´ÏÏŒÎ¼Î¹Î±)\n13â€“24: Eleusinian Mysteries (Ï„á½° ÎœÏ…ÏƒÏ„Î®ÏÎ¹Î±)"
11	"2025-Aug-25"	105	"Today (2025-Aug-25) is BoÄ“dromiá¹“n 2, Î´ÎµÏ…Ï„Î­Ïá¾³ á¼±ÏƒÏ„Î±Î¼Î­Î½Î¿Ï… Î’Î¿Î·Î´ÏÎ¿Î¼Î¹á¿¶Î½Î¿Ï‚, day 61 of 384 in the year 2025/2026."
12	"2025-Aug-26"	103	"Today (2025-Aug-26) is BoÄ“dromiá¹“n 3, Ï„ÏÎ¯Ï„á¿ƒ á¼±ÏƒÏ„Î±Î¼Î­Î½Î¿Ï… Î’Î¿Î·Î´ÏÎ¿Î¼Î¹á¿¶Î½Î¿Ï‚, day 62 of 384 in the year 2025/2026."
13	"2025-Aug-27"	105	"Today (2025-Aug-27) is BoÄ“dromiá¹“n 4, Ï„ÎµÏ„ÏÎ¬Î´Î¹ á¼±ÏƒÏ„Î±Î¼Î­Î½Î¿Ï… Î’Î¿Î·Î´ÏÎ¿Î¼Î¹á¿¶Î½Î¿Ï‚, day 63 of 384 in the year 2025/2026."
14	"2025-Aug-28"	104	"Today (2025-Aug-28) is BoÄ“dromiá¹“n 5, Ï€Î­Î¼Ï€Ï„á¿ƒ á¼±ÏƒÏ„Î±Î¼Î­Î½Î¿Ï… Î’Î¿Î·Î´ÏÎ¿Î¼Î¹á¿¶Î½Î¿Ï‚, day 64 of 384 in the year 2025/2026."
15	"2025-Aug-28"	87	"ğŸº The Genesia (Î“ÎµÎ½Î­ÏƒÎ¹Î±), a festival of the dead, was possibly celebrated on this day.\n\n"
16	"2025-Aug-29"	102	"Today (2025-Aug-29) is BoÄ“dromiá¹“n 6, á¼•ÎºÏ„á¿ƒ á¼±ÏƒÏ„Î±Î¼Î­Î½Î¿Ï… Î’Î¿Î·Î´ÏÎ¿Î¼Î¹á¿¶Î½Î¿Ï‚, day 65 of 384 in the year 2025/2026."
17	"2025-Aug-29"	289	"ğŸº On this day, Athenians celebrated their victory over invading Persians at the battle of Marathon. The sixth of every month was sacred to Artemis, but since the Marathon celebration included a procession to Agrai, BoÄ“dromiá¹“n 6 may have specifically been the festival of Artemis Agrotera\n\n"
18	"2025-Aug-30"	104	"Today (2025-Aug-30) is BoÄ“dromiá¹“n 7, á¼‘Î²Î´ÏŒÎ¼á¿ƒ á¼±ÏƒÏ„Î±Î¼Î­Î½Î¿Ï… Î’Î¿Î·Î´ÏÎ¿Î¼Î¹á¿¶Î½Î¿Ï‚, day 66 of 384 in the year 2025/2026."
19	"2025-Aug-30"	182	"ğŸº The Boedromia (Î’Î¿Î·Î´ÏÏŒÎ¼Î¹Î±) may have been celebrated this day in honor of Apollo Boedromios. The seventh of every month was sacred to Apollo.\n\nhttps://en.wikipedia.org/wiki/Boedromia"
20	"2025-Aug-31"	103	"Today (2025-Aug-31) is BoÄ“dromiá¹“n 8, á½€Î³Î´ÏŒá¿ƒ á¼±ÏƒÏ„Î±Î¼Î­Î½Î¿Ï… Î’Î¿Î·Î´ÏÎ¿Î¼Î¹á¿¶Î½Î¿Ï‚, day 67 of 384 in the year 2025/2026."
21	"2025-Sep-01"	103	"Today (2025-Sep-01) is BoÄ“dromiá¹“n 9, á¼Î½Î¬Ï„á¿ƒ á¼±ÏƒÏ„Î±Î¼Î­Î½Î¿Ï… Î’Î¿Î·Î´ÏÎ¿Î¼Î¹á¿¶Î½Î¿Ï‚, day 68 of 384 in the year 2025/2026."
22	"2025-Sep-02"	105	"Today (2025-Sep-02) is BoÄ“dromiá¹“n 10, Î´ÎµÎºÎ¬Ï„á¿ƒ á¼±ÏƒÏ„Î±Î¼Î­Î½Î¿Ï… Î’Î¿Î·Î´ÏÎ¿Î¼Î¹á¿¶Î½Î¿Ï‚, day 69 of 384 in the year 2025/2026."
23	"2025-Sep-03"	97	"Today (2025-Sep-03) is BoÄ“dromiá¹“n 11, á¼‘Î½Î´ÎµÎºÎ¬Ï„á¿ƒ Î’Î¿Î·Î´ÏÎ¿Î¼Î¹á¿¶Î½Î¿Ï‚, day 70 of 384 in the year 2025/2026."
24	"2025-Sep-04"	97	"Today (2025-Sep-04) is BoÄ“dromiá¹“n 12, Î´Ï‰Î´ÎµÎºÎ¬Ï„á¿ƒ Î’Î¿Î·Î´ÏÎ¿Î¼Î¹á¿¶Î½Î¿Ï‚, day 71 of 384 in the year 2025/2026."
25	"2025-Sep-05"	103	"Today (2025-Sep-05) is BoÄ“dromiá¹“n 13, Ï„ÏÎ¯Ï„á¿ƒ á¼Ï€á½¶ Î´Î­ÎºÎ± Î’Î¿Î·Î´ÏÎ¿Î¼Î¹á¿¶Î½Î¿Ï‚, day 72 of 384 in the year 2025/2026."
26	"2025-Sep-05"	190	"ğŸº Kicking off the celebration of the Eleusinian Mysteries (Ï„á½° ÎœÏ…ÏƒÏ„Î®ÏÎ¹Î±), on this day the epheboi (young men) made a procession to Eleusis.\n\nhttps://en.wikipedia.org/wiki/Eleusinian_Mysteries"
27	"2025-Sep-06"	105	"Today (2025-Sep-06) is BoÄ“dromiá¹“n 14, Ï„ÎµÏ„ÏÎ¬Î´Î¹ á¼Ï€á½¶ Î´Î­ÎºÎ± Î’Î¿Î·Î´ÏÎ¿Î¼Î¹á¿¶Î½Î¿Ï‚, day 73 of 384 in the year 2025/2026."
28	"2025-Sep-06"	226	"ğŸº On this day, the epheboi (young men) who had made the procession to Eleusis the previous day made a procession back to Athens carrying the sacred objects to the Eleusinion.\n\nhttps://en.wikipedia.org/wiki/Eleusinian_Mysteries"
29	"2025-Sep-07"	104	"Today (2025-Sep-07) is BoÄ“dromiá¹“n 15, Ï€Î­Î¼Ï€Ï„á¿ƒ á¼Ï€á½¶ Î´Î­ÎºÎ± Î’Î¿Î·Î´ÏÎ¿Î¼Î¹á¿¶Î½Î¿Ï‚, day 74 of 384 in the year 2025/2026."
30	"2025-Sep-07"	176	"ğŸº Today was the â€œagurmosâ€ (á¼€Î³Ï…ÏÎ¼ÏŒÏ‚, â€œGatheringâ€), the first day of the celebration of the Eleusinian Mysteries (Ï„á½° ÎœÏ…ÏƒÏ„Î®ÏÎ¹Î±)\n\nhttps://en.wikipedia.org/wiki/Eleusinian_Mysteries"
31	"2025-Sep-08"	102	"Today (2025-Sep-08) is BoÄ“dromiá¹“n 16, á¼•ÎºÏ„á¿ƒ á¼Ï€á½¶ Î´Î­ÎºÎ± Î’Î¿Î·Î´ÏÎ¿Î¼Î¹á¿¶Î½Î¿Ï‚, day 75 of 384 in the year 2025/2026."
32	"2025-Sep-08"	196	"ğŸº Today was the second day of the celebration of the Eleusinian Mysteries (Ï„á½° ÎœÏ…ÏƒÏ„Î®ÏÎ¹Î±), â€œhalade mustaiâ€ (á¼…Î»Î±Î´Îµ Î¼ÏÏƒÏ„Î±Î¹, â€œInitiates to the Seaâ€).\n\nhttps://en.wikipedia.org/wiki/Eleusinian_Mysteries"
33	"2025-Sep-09"	104	"Today (2025-Sep-09) is BoÄ“dromiá¹“n 17, á¼‘Î²Î´ÏŒÎ¼á¿ƒ á¼Ï€á½¶ Î´Î­ÎºÎ± Î’Î¿Î·Î´ÏÎ¿Î¼Î¹á¿¶Î½Î¿Ï‚, day 76 of 384 in the year 2025/2026."
34	"2025-Sep-09"	232	"ğŸº The Epidauria (á¼˜Ï€Î¹Î´Î±ÏÏÎ¹Î±) was celebrated on this day, a festival for Asklepios, the god of healing, and sort of a separate festival within the Eleusinian Mysteries (Ï„á½° ÎœÏ…ÏƒÏ„Î®ÏÎ¹Î±).\n\nhttps://en.wikipedia.org/wiki/Eleusinian_Mysteries"
35	"2025-Sep-10"	103	"Today (2025-Sep-10) is BoÄ“dromiá¹“n 18, á½€Î³Î´ÏŒá¿ƒ á¼Ï€á½¶ Î´Î­ÎºÎ± Î’Î¿Î·Î´ÏÎ¿Î¼Î¹á¿¶Î½Î¿Ï‚, day 77 of 384 in the year 2025/2026."
36	"2025-Sep-10"	192	"ğŸº The Eleusinian Mysteries (Ï„á½° ÎœÏ…ÏƒÏ„Î®ÏÎ¹Î±) were still going on this day, but we are not sure what happened (they are secret rites, after all).\n\nhttps://en.wikipedia.org/wiki/Eleusinian_Mysteries"
37	"2025-Sep-11"	103	"Today (2025-Sep-11) is BoÄ“dromiá¹“n 19, á¼Î½Î¬Ï„á¿ƒ á¼Ï€á½¶ Î´Î­ÎºÎ± Î’Î¿Î·Î´ÏÎ¿Î¼Î¹á¿¶Î½Î¿Ï‚, day 78 of 384 in the year 2025/2026."
38	"2025-Sep-11"	264	"ğŸº On this day there was a procession from the Eleusinion in Athens to Eleusis for the Mysteries (Ï„á½° ÎœÏ…ÏƒÏ„Î®ÏÎ¹Î±). It began late in the day and did not arrive in Eleusis (about ten miles from Athens) until nighttime.\n\nhttps://en.wikipedia.org/wiki/Eleusinian_Mysteries"
39	"2025-Sep-12"	103	"Today (2025-Sep-12) is BoÄ“dromiá¹“n 20, Î´ÎµÎºÎ¬Ï„á¿ƒ Ï€ÏÎ¿Ï„Î­Ïá¾³ Î’Î¿Î·Î´ÏÎ¿Î¼Î¹á¿¶Î½Î¿Ï‚, day 79 of 384 in the year 2025/2026."
40	"2025-Sep-12"	226	"ğŸº Today was the first full day of celebrations of the Eleusinian Mysteries (Ï„á½° ÎœÏ…ÏƒÏ„Î®ÏÎ¹Î±) that took place in Eleusis. What went on has been kept secret for thousands of years.\n\nhttps://en.wikipedia.org/wiki/Eleusinian_Mysteries"
41	"2025-Sep-13"	102	"Today (2025-Sep-13) is BoÄ“dromiá¹“n 21, Î´ÎµÎºÎ¬Ï„á¿ƒ á½‘ÏƒÏ„Î­Ïá¾³ Î’Î¿Î·Î´ÏÎ¿Î¼Î¹á¿¶Î½Î¿Ï‚, day 80 of 384 in the year 2025/2026."
42	"2025-Sep-13"	223	"ğŸº Today was the second full day of celebrations of the Eleusinian Mysteries (Ï„á½° ÎœÏ…ÏƒÏ„Î®ÏÎ¹Î±) that took place in Eleusis. No one ever leaked the secret of these mystery rites.\n\nhttps://en.wikipedia.org/wiki/Eleusinian_Mysteries"
43	"2025-Sep-14"	104	"Today (2025-Sep-14) is BoÄ“dromiá¹“n 22, á¼Î½Î¬Ï„á¿ƒ Ï†Î¸Î¯Î½Î¿Î½Ï„Î¿Ï‚ Î’Î¿Î·Î´ÏÎ¿Î¼Î¹á¿¶Î½Î¿Ï‚, day 81 of 384 in the year 2025/2026."
44	"2025-Sep-14"	222	"ğŸº Today was still part of the celebration of the Eleusinian Mysteries (Ï„á½° ÎœÏ…ÏƒÏ„Î®ÏÎ¹Î±). Everyone who knew what the rites were on this day took that knowledge to their grave.\n\nhttps://en.wikipedia.org/wiki/Eleusinian_Mysteries"
45	"2025-Sep-15"	104	"Today (2025-Sep-15) is BoÄ“dromiá¹“n 23, á½€Î³Î´ÏŒá¿ƒ Ï†Î¸Î¯Î½Î¿Î½Ï„Î¿Ï‚ Î’Î¿Î·Î´ÏÎ¿Î¼Î¹á¿¶Î½Î¿Ï‚, day 82 of 384 in the year 2025/2026."
46	"2025-Sep-15"	213	"ğŸº There was a special meeting of the Athenian council at Eleusis on this day as part of the Eleusinian Mysteries (Ï„á½° ÎœÏ…ÏƒÏ„Î®ÏÎ¹Î±), and initiates returned to Athens.\n\nhttps://en.wikipedia.org/wiki/Eleusinian_Mysteries"
47	"2025-Sep-16"	105	"Today (2025-Sep-16) is BoÄ“dromiá¹“n 24, á¼‘Î²Î´ÏŒÎ¼á¿ƒ Ï†Î¸Î¯Î½Î¿Î½Ï„Î¿Ï‚ Î’Î¿Î·Î´ÏÎ¿Î¼Î¹á¿¶Î½Î¿Ï‚, day 83 of 384 in the year 2025/2026."
48	"2025-Sep-16"	209	"ğŸº On this day, the final part of the celebration of the Eleusinian Mysteries (Ï„á½° ÎœÏ…ÏƒÏ„Î®ÏÎ¹Î±) was a meeting of the Athenian council in the Eleusinion in Athens.\n\nhttps://en.wikipedia.org/wiki/Eleusinian_Mysteries"
49	"2025-Sep-17"	103	"Today (2025-Sep-17) is BoÄ“dromiá¹“n 25, á¼•ÎºÏ„á¿ƒ Ï†Î¸Î¯Î½Î¿Î½Ï„Î¿Ï‚ Î’Î¿Î·Î´ÏÎ¿Î¼Î¹á¿¶Î½Î¿Ï‚, day 84 of 384 in the year 2025/2026."
50	"2025-Sep-18"	105	"Today (2025-Sep-18) is BoÄ“dromiá¹“n 26, Ï€Î­Î¼Ï€Ï„á¿ƒ Ï†Î¸Î¯Î½Î¿Î½Ï„Î¿Ï‚ Î’Î¿Î·Î´ÏÎ¿Î¼Î¹á¿¶Î½Î¿Ï‚, day 85 of 384 in the year 2025/2026."
51	"2025-Sep-19"	106	"Today (2025-Sep-19) is BoÄ“dromiá¹“n 27, Ï„ÎµÏ„ÏÎ¬Î´Î¹ Ï†Î¸Î¯Î½Î¿Î½Ï„Î¿Ï‚ Î’Î¿Î·Î´ÏÎ¿Î¼Î¹á¿¶Î½Î¿Ï‚, day 86 of 384 in the year 2025/2026."
52	"2025-Sep-20"	104	"Today (2025-Sep-20) is BoÄ“dromiá¹“n 28, Ï„ÏÎ¯Ï„á¿ƒ Ï†Î¸Î¯Î½Î¿Î½Ï„Î¿Ï‚ Î’Î¿Î·Î´ÏÎ¿Î¼Î¹á¿¶Î½Î¿Ï‚, day 87 of 384 in the year 2025/2026."
53	"2025-Sep-21"	100	"Today (2025-Sep-21) is BoÄ“dromiá¹“n 29, á¼•Î½á¿ƒ ÎºÎ±á½¶ Î½Î­á¾³ Î’Î¿Î·Î´ÏÎ¿Î¼Î¹á¿¶Î½Î¿Ï‚, day 88 of 384 in the year 2025/2026."
54	"2025-Sep-22"	95	"Today (2025-Sep-22) is Puanopsiá¹“n 1, Î½Î¿Ï…Î¼Î·Î½Î¯á¾³ Î Ï…Î±Î½Î¿ÏˆÎ¹á¿¶Î½Î¿Ï‚, day 89 of 384 in the year 2025/2026."
55	"2025-Sep-22"	145	"This Puanopsiá¹“n will have 30 days, which the ancient Greeks called a â€œfull monthâ€ (Ï€Î»Î®ÏÎ·Ï‚ Î¼Î®Î½) as opposed to a â€œhollow monthâ€ (ÎºÎ¿á¿–Î»Î¿Ï‚ Î¼Î®Î½) of 29."
56	"2025-Sep-22"	195	"Festivals in Puanopsiá¹“n:\n\n-1: Khalkeia (XÎ±Î»kÎµá¿–Î±)\n6: Proerosia (Î ÏÎ¿Î·ÏÎ¿ÏƒÎ¯Î±)\n6: Oskhoporia (á½¨ÏƒÏ‡Î¿Ï†ÏŒÏÎ¹Î±)\n7: Pyanopsia (Î Ï…Î±Î½ÏŒÏˆÎ¹Î±)\n8: Theseia (Î˜Î·ÏƒÎµá¿–Î±)\n9: Stenia (Î£Ï„Î®Î½Î¹Î±)\n11â€“13: Thesmophoria (Î˜ÎµÏƒÎ¼Î¿Ï†ÏŒÏÎ¹Î±)"
57	"2025-Sep-23"	104	"Today (2025-Sep-23) is Puanopsiá¹“n 2, Î´ÎµÏ…Ï„Î­Ïá¾³ á¼±ÏƒÏ„Î±Î¼Î­Î½Î¿Ï… Î Ï…Î±Î½Î¿ÏˆÎ¹á¿¶Î½Î¿Ï‚, day 90 of 384 in the year 2025/2026."
58	"2025-Sep-24"	102	"Today (2025-Sep-24) is Puanopsiá¹“n 3, Ï„ÏÎ¯Ï„á¿ƒ á¼±ÏƒÏ„Î±Î¼Î­Î½Î¿Ï… Î Ï…Î±Î½Î¿ÏˆÎ¹á¿¶Î½Î¿Ï‚, day 91 of 384 in the year 2025/2026."
59	"2025-Sep-25"	104	"Today (2025-Sep-25) is Puanopsiá¹“n 4, Ï„ÎµÏ„ÏÎ¬Î´Î¹ á¼±ÏƒÏ„Î±Î¼Î­Î½Î¿Ï… Î Ï…Î±Î½Î¿ÏˆÎ¹á¿¶Î½Î¿Ï‚, day 92 of 384 in the year 2025/2026."
60	"2025-Sep-26"	103	"Today (2025-Sep-26) is Puanopsiá¹“n 5, Ï€Î­Î¼Ï€Ï„á¿ƒ á¼±ÏƒÏ„Î±Î¼Î­Î½Î¿Ï… Î Ï…Î±Î½Î¿ÏˆÎ¹á¿¶Î½Î¿Ï‚, day 93 of 384 in the year 2025/2026."
61	"2025-Sep-27"	101	"Today (2025-Sep-27) is Puanopsiá¹“n 6, á¼•ÎºÏ„á¿ƒ á¼±ÏƒÏ„Î±Î¼Î­Î½Î¿Ï… Î Ï…Î±Î½Î¿ÏˆÎ¹á¿¶Î½Î¿Ï‚, day 94 of 384 in the year 2025/2026."
62	"2025-Sep-27"	161	"ğŸº The Proerosia (Î ÏÎ¿Î·ÏÎ¿ÏƒÎ¯Î±) was probably celebrated on this day\nThe Oskhoporia (á½¨ÏƒÏ‡Î¿Ï†ÏŒÏÎ¹Î±) was celebrated on this day\n\n\nhttps://en.wikipedia.org/wiki/Oschophoria"
63	"2025-Sep-28"	103	"Today (2025-Sep-28) is Puanopsiá¹“n 7, á¼‘Î²Î´ÏŒÎ¼á¿ƒ á¼±ÏƒÏ„Î±Î¼Î­Î½Î¿Ï… Î Ï…Î±Î½Î¿ÏˆÎ¹á¿¶Î½Î¿Ï‚, day 95 of 384 in the year 2025/2026."
64	"2025-Sep-28"	217	"ğŸº This was the day of the Pyanopsia (Î Ï…Î±Î½ÏŒÏˆÎ¹Î±) or â€œFestival of the Boiled Beansâ€ when an offering of bean stew was made to Apollo. I know that sounds like a joke, but itâ€™s real\n\nhttps://en.wikipedia.org/wiki/Pyanopsia"
65	"2025-Sep-29"	102	"Today (2025-Sep-29) is Puanopsiá¹“n 8, á½€Î³Î´ÏŒá¿ƒ á¼±ÏƒÏ„Î±Î¼Î­Î½Î¿Ï… Î Ï…Î±Î½Î¿ÏˆÎ¹á¿¶Î½Î¿Ï‚, day 96 of 384 in the year 2025/2026."
66	"2025-Sep-29"	122	"ğŸº The Theseia (Î˜Î·ÏƒÎµá¿–Î±) was celebrated on this day with races and other competitions\n\nhttps://en.wikipedia.org/wiki/Theseia"
67	"2025-Sep-30"	102	"Today (2025-Sep-30) is Puanopsiá¹“n 9, á¼Î½Î¬Ï„á¿ƒ á¼±ÏƒÏ„Î±Î¼Î­Î½Î¿Ï… Î Ï…Î±Î½Î¿ÏˆÎ¹á¿¶Î½Î¿Ï‚, day 97 of 384 in the year 2025/2026."
68	"2025-Sep-30"	154	"ğŸº The Stenia (Î£Ï„Î®Î½Î¹Î±), a festival devoted to Demeter and Persephone, occurred on this day. It was a carnivalesque festival celebrated by women at night.\n\n"
69	"2025-Oct-01"	104	"Today (2025-Oct-01) is Puanopsiá¹“n 10, Î´ÎµÎºÎ¬Ï„á¿ƒ á¼±ÏƒÏ„Î±Î¼Î­Î½Î¿Ï… Î Ï…Î±Î½Î¿ÏˆÎ¹á¿¶Î½Î¿Ï‚, day 98 of 384 in the year 2025/2026."
70	"2025-Oct-02"	96	"Today (2025-Oct-02) is Puanopsiá¹“n 11, á¼‘Î½Î´ÎµÎºÎ¬Ï„á¿ƒ Î Ï…Î±Î½Î¿ÏˆÎ¹á¿¶Î½Î¿Ï‚, day 99 of 384 in the year 2025/2026."
71	"2025-Oct-02"	192	"ğŸº The first day (of three) of the Thesmophoria (Î˜ÎµÏƒÎ¼Î¿Ï†ÏŒÏÎ¹Î±), an important fertility festival the rituals for which were performed entirely by women.\n\nhttps://en.wikipedia.org/wiki/Thesmophoria"
72	"2025-Oct-03"	97	"Today (2025-Oct-03) is Puanopsiá¹“n 12, Î´Ï‰Î´ÎµÎºÎ¬Ï„á¿ƒ Î Ï…Î±Î½Î¿ÏˆÎ¹á¿¶Î½Î¿Ï‚, day 100 of 384 in the year 2025/2026."
73	"2025-Oct-03"	193	"ğŸº The second day (of three) of the Thesmophoria (Î˜ÎµÏƒÎ¼Î¿Ï†ÏŒÏÎ¹Î±), an important fertility festival the rituals for which were performed entirely by women.\n\nhttps://en.wikipedia.org/wiki/Thesmophoria"
74	"2025-Oct-04"	103	"Today (2025-Oct-04) is Puanopsiá¹“n 13, Ï„ÏÎ¯Ï„á¿ƒ á¼Ï€á½¶ Î´Î­ÎºÎ± Î Ï…Î±Î½Î¿ÏˆÎ¹á¿¶Î½Î¿Ï‚, day 101 of 384 in the year 2025/2026."
75	"2025-Oct-04"	190	"ğŸº The third and last day of the Thesmophoria (Î˜ÎµÏƒÎ¼Î¿Ï†ÏŒÏÎ¹Î±), an important fertility festival the rituals for which were performed entirely by women.\n\nhttps://en.wikipedia.org/wiki/Thesmophoria"
76	"2025-Oct-05"	105	"Today (2025-Oct-05) is Puanopsiá¹“n 14, Ï„ÎµÏ„ÏÎ¬Î´Î¹ á¼Ï€á½¶ Î´Î­ÎºÎ± Î Ï…Î±Î½Î¿ÏˆÎ¹á¿¶Î½Î¿Ï‚, day 102 of 384 in the year 2025/2026."
77	"2025-Oct-06"	104	"Today (2025-Oct-06) is Puanopsiá¹“n 15, Ï€Î­Î¼Ï€Ï„á¿ƒ á¼Ï€á½¶ Î´Î­ÎºÎ± Î Ï…Î±Î½Î¿ÏˆÎ¹á¿¶Î½Î¿Ï‚, day 103 of 384 in the year 2025/2026."
78	"2025-Oct-07"	102	"Today (2025-Oct-07) is Puanopsiá¹“n 16, á¼•ÎºÏ„á¿ƒ á¼Ï€á½¶ Î´Î­ÎºÎ± Î Ï…Î±Î½Î¿ÏˆÎ¹á¿¶Î½Î¿Ï‚, day 104 of 384 in the year 2025/2026."
79	"2025-Oct-08"	104	"Today (2025-Oct-08) is Puanopsiá¹“n 17, á¼‘Î²Î´ÏŒÎ¼á¿ƒ á¼Ï€á½¶ Î´Î­ÎºÎ± Î Ï…Î±Î½Î¿ÏˆÎ¹á¿¶Î½Î¿Ï‚, day 105 of 384 in the year 2025/2026."
80	"2025-Oct-09"	103	"Today (2025-Oct-09) is Puanopsiá¹“n 18, á½€Î³Î´ÏŒá¿ƒ á¼Ï€á½¶ Î´Î­ÎºÎ± Î Ï…Î±Î½Î¿ÏˆÎ¹á¿¶Î½Î¿Ï‚, day 106 of 384 in the year 2025/2026."
81	"2025-Oct-10"	103	"Today (2025-Oct-10) is Puanopsiá¹“n 19, á¼Î½Î¬Ï„á¿ƒ á¼Ï€á½¶ Î´Î­ÎºÎ± Î Ï…Î±Î½Î¿ÏˆÎ¹á¿¶Î½Î¿Ï‚, day 107 of 384 in the year 2025/2026."
82	"2025-Oct-11"	103	"Today (2025-Oct-11) is Puanopsiá¹“n 20, Î´ÎµÎºÎ¬Ï„á¿ƒ Ï€ÏÎ¿Ï„Î­Ïá¾³ Î Ï…Î±Î½Î¿ÏˆÎ¹á¿¶Î½Î¿Ï‚, day 108 of 384 in the year 2025/2026."
83	"2025-Oct-12"	102	"Today (2025-Oct-12) is Puanopsiá¹“n 21, Î´ÎµÎºÎ¬Ï„á¿ƒ á½‘ÏƒÏ„Î­Ïá¾³ Î Ï…Î±Î½Î¿ÏˆÎ¹á¿¶Î½Î¿Ï‚, day 109 of 384 in the year 2025/2026."
84	"2025-Oct-13"	104	"Today (2025-Oct-13) is Puanopsiá¹“n 22, á¼Î½Î¬Ï„á¿ƒ Ï†Î¸Î¯Î½Î¿Î½Ï„Î¿Ï‚ Î Ï…Î±Î½Î¿ÏˆÎ¹á¿¶Î½Î¿Ï‚, day 110 of 384 in the year 2025/2026."
85	"2025-Oct-14"	104	"Today (2025-Oct-14) is Puanopsiá¹“n 23, á½€Î³Î´ÏŒá¿ƒ Ï†Î¸Î¯Î½Î¿Î½Ï„Î¿Ï‚ Î Ï…Î±Î½Î¿ÏˆÎ¹á¿¶Î½Î¿Ï‚, day 111 of 384 in the year 2025/2026."
86	"2025-Oct-15"	105	"Today (2025-Oct-15) is Puanopsiá¹“n 24, á¼‘Î²Î´ÏŒÎ¼á¿ƒ Ï†Î¸Î¯Î½Î¿Î½Ï„Î¿Ï‚ Î Ï…Î±Î½Î¿ÏˆÎ¹á¿¶Î½Î¿Ï‚, day 112 of 384 in the year 2025/2026."
